SQL> 
SQL> -- Set SQL*Plus environmnet variables.
SQL> SET ECHO ON
SQL> SET FEEDBACK ON
SQL> SET NULL '<Null>'
SQL> SET PAGESIZE 999
SQL> SET SERVEROUTPUT ON SIZE UNLIMITED
SQL> 
SQL> -- ------------------------------------------------------------------
SQL> --  Create and assign bind variable for table name.
SQL> -- ------------------------------------------------------------------
SQL> VARIABLE table_name     VARCHAR2(30)
SQL> 
SQL> BEGIN
  2    :table_name := UPPER('rental');
  3  END;
  4  /

PL/SQL procedure successfully completed.

SQL> 
SQL> --  Verify table name.
SQL> SELECT :table_name FROM dual;

:TABLE_NAME                                                                     
--------------------------------                                                
RENTAL                                                                          

1 row selected.

SQL> 
SQL> -- ------------------------------------------------------------------
SQL> --  Conditionally drop table.
SQL> -- ------------------------------------------------------------------
SQL> DECLARE
  2    /* Dynamic cursor. */
  3    CURSOR c (cv_object_name VARCHAR2) IS
  4  	 SELECT o.object_type
  5  	 ,	o.object_name
  6  	 FROM	user_objects o
  7  	 WHERE	o.object_name LIKE UPPER(cv_object_name||'%');
  8  BEGIN
  9    FOR i IN c(:table_name) LOOP
 10  	 IF i.object_type = 'SEQUENCE' THEN
 11  	   EXECUTE IMMEDIATE 'DROP '||i.object_type||' '||i.object_name;
 12  	 ELSIF i.object_type = 'TABLE' THEN
 13  	   EXECUTE IMMEDIATE 'DROP '||i.object_type||' '||i.object_name||' CASCADE CONSTRAINTS';
 14  	 END IF;
 15    END LOOP;
 16  END;
 17  /

PL/SQL procedure successfully completed.

SQL> 
SQL> -- Create table.
SQL> CREATE TABLE rental
  2  ( rental_id		   NUMBER
  3  , customer_id		   NUMBER CONSTRAINT nn_rental_1 NOT NULL
  4  , check_out_date		   DATE   CONSTRAINT nn_rental_2 NOT NULL
  5  , return_date		   DATE   CONSTRAINT nn_rental_3 NOT NULL
  6  , created_by		   NUMBER CONSTRAINT nn_rental_4 NOT NULL
  7  , creation_date		   DATE   CONSTRAINT nn_rental_5 NOT NULL
  8  , last_updated_by		   NUMBER CONSTRAINT nn_rental_6 NOT NULL
  9  , last_update_date 	   DATE   CONSTRAINT nn_rental_7 NOT NULL
 10  , CONSTRAINT pk_rental_1	   PRIMARY KEY(rental_id)
 11  , CONSTRAINT fk_rental_1	   FOREIGN KEY(customer_id) REFERENCES contact(contact_id)
 12  , CONSTRAINT fk_rental_2	   FOREIGN KEY(created_by) REFERENCES system_user(system_user_id)
 13  , CONSTRAINT fk_rental_3	   FOREIGN KEY(last_updated_by) REFERENCES system_user(system_user_id));

Table created.

SQL> 
SQL> -- Display the table organization.
SQL> SET NULL ''
SQL> COLUMN table_name	 FORMAT A16
SQL> COLUMN column_id	 FORMAT 9999
SQL> COLUMN column_name  FORMAT A22
SQL> COLUMN data_type	 FORMAT A12
SQL> SELECT   table_name
  2  ,	      column_id
  3  ,	      column_name
  4  ,	      CASE
  5  		WHEN nullable = 'N' THEN 'NOT NULL'
  6  		ELSE ''
  7  	      END AS nullable
  8  ,	      CASE
  9  		WHEN data_type IN ('CHAR','VARCHAR2','NUMBER') THEN
 10  		  data_type||'('||data_length||')'
 11  		ELSE
 12  		  data_type
 13  	      END AS data_type
 14  FROM     user_tab_columns
 15  WHERE    table_name = :table_name
 16  ORDER BY 2;

                           Column                                               
Table Name       COLUMN_ID Name                   NULLABLE DATA_TYPE            
---------------- --------- ---------------------- -------- ------------         
RENTAL                   1 RENTAL_ID              NOT NULL NUMBER(22)           
RENTAL                   2 CUSTOMER_ID            NOT NULL NUMBER(22)           
RENTAL                   3 CHECK_OUT_DATE         NOT NULL DATE                 
RENTAL                   4 RETURN_DATE            NOT NULL DATE                 
RENTAL                   5 CREATED_BY             NOT NULL NUMBER(22)           
RENTAL                   6 CREATION_DATE          NOT NULL DATE                 
RENTAL                   7 LAST_UPDATED_BY        NOT NULL NUMBER(22)           
RENTAL                   8 LAST_UPDATE_DATE       NOT NULL DATE                 

8 rows selected.

SQL> 
SQL> -- Display non-unique constraints.
SQL> COLUMN constraint_name   FORMAT A22
SQL> COLUMN search_condition  FORMAT A36
SQL> COLUMN constraint_type   FORMAT A1
SQL> SELECT   uc.constraint_name
  2  ,	      uc.search_condition
  3  ,	      uc.constraint_type
  4  FROM     user_constraints uc INNER JOIN user_cons_columns ucc
  5  ON       uc.table_name = ucc.table_name
  6  AND      uc.constraint_name = ucc.constraint_name
  7  WHERE    uc.table_name = :table_name
  8  AND      uc.constraint_type IN (UPPER('c'),UPPER('p'))
  9  ORDER BY uc.constraint_type DESC
 10  ,	      uc.constraint_name;

                                                            C                   
Constraint Name        Search Condition                     T                   
---------------------- ------------------------------------ -                   
PK_RENTAL_1                                                 P                   
NN_RENTAL_1            "CUSTOMER_ID" IS NOT NULL            C                   
NN_RENTAL_2            "CHECK_OUT_DATE" IS NOT NULL         C                   
NN_RENTAL_3            "RETURN_DATE" IS NOT NULL            C                   
NN_RENTAL_4            "CREATED_BY" IS NOT NULL             C                   
NN_RENTAL_5            "CREATION_DATE" IS NOT NULL          C                   
NN_RENTAL_6            "LAST_UPDATED_BY" IS NOT NULL        C                   
NN_RENTAL_7            "LAST_UPDATE_DATE" IS NOT NULL       C                   

8 rows selected.

SQL> 
SQL> -- Display foreign key constraints.
SQL> COL constraint_source FORMAT A38 HEADING "Constraint Name:| Table.Column"
SQL> COL references_column FORMAT A40 HEADING "References:| Table.Column"
SQL> SELECT   uc.constraint_name||CHR(10)
  2  ||      '('||ucc1.table_name||'.'||ucc1.column_name||')' constraint_source
  3  ,	     'REFERENCES'||CHR(10)
  4  ||      '('||ucc2.table_name||'.'||ucc2.column_name||')' references_column
  5  FROM     user_constraints uc
  6  ,	      user_cons_columns ucc1
  7  ,	      user_cons_columns ucc2
  8  WHERE    uc.constraint_name = ucc1.constraint_name
  9  AND      uc.r_constraint_name = ucc2.constraint_name
 10  AND      ucc1.position = ucc2.position -- Correction for multiple column primary keys.
 11  AND      uc.constraint_type = 'R'
 12  AND      ucc1.table_name = :table_name
 13  ORDER BY ucc1.table_name
 14  ,	      uc.constraint_name;

Constraint Name:                       References:                              
 Table.Column                           Table.Column                            
-------------------------------------- ---------------------------------------- 
FK_RENTAL_1                            REFERENCES                               
(RENTAL.CUSTOMER_ID)                   (CONTACT.CONTACT_ID)                     
                                                                                
FK_RENTAL_2                            REFERENCES                               
(RENTAL.CREATED_BY)                    (SYSTEM_USER.SYSTEM_USER_ID)             
                                                                                
FK_RENTAL_3                            REFERENCES                               
(RENTAL.LAST_UPDATED_BY)               (SYSTEM_USER.SYSTEM_USER_ID)             
                                                                                

3 rows selected.

SQL> 
SQL> -- Create a sequence.
SQL> CREATE SEQUENCE rental_s1 START WITH 1001 NOCACHE;

Sequence created.

SQL> 
SQL> -- Display sequence value.
SQL> COLUMN sequence_name FORMAT A20 HEADING "Sequence Name"
SQL> SELECT   sequence_name
  2  FROM     user_sequences
  3  WHERE    sequence_name = :table_name||'_S1';

Sequence Name                                                                   
--------------------                                                            
RENTAL_S1                                                                       

1 row selected.

SQL> 
SQL> -- Close the log file.
SQL> SPOOL OFF
